如何删除我的认知学堂账户,frequent_questions
你们是否支持安卓？,frequent_questions
你有iPhone应用么,frequent_questions
你有手机应用么?,frequent_questions
如何造一个聊天机器人,frequent_questions
will my employer know what mark I got?,frequent_questions
will my employer know?,frequent_questions
will my employer know what score I got?,frequent_questions
will my boss know?,frequent_questions
rickroll,frequent_questions
深度学习跟机器学习的区别,frequent_questions
人工智能跟数据科学是否有关系?,frequent_questions
Will AI make me irrelevant?,frequent_questions
你是机器人么?,frequent_questions
你是真人么?,frequent_questions
你是聊天机器人么?,frequent_questions
你是人么?,frequent_questions
你是真的人么?,frequent_questions
谁创造了你?,frequent_questions
你的爸爸是谁?,frequent_questions
你的创造者是谁?,frequent_questions
你爸是谁?,frequent_questions
谁是你爸?,frequent_questions
你有博客么?,frequent_questions
你的博客在哪里?,frequent_questions
你有自觉么?,frequent_questions
课程是免费的么?,frequent_questions
这个需要钱么?,frequent_questions
我需要付钱么?,frequent_questions
你如何收费?,frequent_questions
你的名字?,frequent_questions
跟我讲个笑话,frequent_questions
我能能到IBM的证明么?,frequent_questions
我能拿到IBM的证书么?,frequent_questions
数据科学家和数据工程师的区别是什么?,frequent_questions
我能拿到学位么?,frequent_questions
你是真的大学么?,frequent_questions
我能拿到额外的大学学分么?,frequent_questions
我能拿到我自己大学的学分么?,frequent_questions
这些课程能在自己的大学换学分么?,frequent_questions
"the answer to life, the universe and everything?",frequent_questions
我中文不太好,frequent_questions
R或者Python?,frequent_questions
Python或者R?,frequent_questions
我应该学那个语言，R还是Python?,frequent_questions
这些课用什么语言?,frequent_questions
你有多少学生?,frequent_questions
我需要数学或者统计的学位么?,frequent_questions
需要学位么,frequent_questions
需要学位,frequent_questions
如何拿到我的证书?,frequent_questions
如何拿到证书?,frequent_questions
帮助,frequent_questions
发一个工单,frequent_questions
联系客服,frequent_questions
完成了课程能否拿到IBM的工作?,frequent_questions
能帮助我移民加拿大吗?,frequent_questions
