faq,你有博客么,博客,你的博客,你的博客在哪,去你的博客,博文
faq,你的创造者,你的创造人,谁造了你,你爸爸是谁,谁是你爸,你爸是谁,谁创造了你,你是谁造的,你是谁做的
faq,你是聊天机器人么,你有自我认知么,你是真的人么,你是真的,are you even real,你是机器人么,你是真人么,你是人么,你是聊天机器人么,你是bot么
faq,will AI make me irrelevant,will AI make Data Scientists irrelevant,will cognitive replace data scientists,will cognitive computing replace data scientists,will AI replace data scientists,will AI make programmers obsolete,will AI make data scientists obsolete,will AI make data science irrelevant
faq,你有手机app么,手机app,iPhone,iOS,Android,app,智能手机,离线
faq,will my employer know,will my employer find out,will you tell my employer
faq,帮助移民,移民到美国,immigration to the States,immigration to the USA,immigration to the US,移民到加拿大
faq,rickroll,never gonna give you up,prank me,easter egg,rick rolling,rickrolling,rick roll
faq,能拿到IBM的工作么,在IBM工作,IBM会给我工作么,job at IBM
faq,如何拿到证书,什么时候能拿到证书,我如何拿到证书,我什么时候能拿到证书,我没拿到证书,如何拿到证明,证书,证明
faq,提交工单,需要帮助,需要客服,开一个工单,支援队伍,人工服务,联系客服,需要人工帮助
faq,机器学习对比深度学习,深度学习对比机器学习,Deep Learning versus ML,Deep Learning vs ML,机器学习跟深度学习的区别,深度学习跟机器学习的区别,ML vs Deep Learning,ML versus Deep Learning
faq,帮助,帮我,aiudo,aiuto,help me,帮忙
faq,需要学位么,需要学位,是否需要学位,do I need a stats degree,我需要统计学位来成为数据科学家么,我需要数学或者统计学位么,我需要数学学位么
faq,多少学生,多少在读学生,注册用户,总用户量,你有多少学生？
faq,你的名字,我怎么叫你,你名字是什么,你是谁
faq,tell me a joke,make me laugh,crack a joke,joke for me,give me a joke
faq,你的课程用有什么语言,Brazilian,Portuguese,Mandarin,你有中文课程么？,只有英文的课程么？,Do you have courses in Portuguese?,Do you have courses in Chinese?,are your courses in English?,are you courses in English only?
faq,数据科学家对比数据工程师,数据科学家和数据工程师的区别,数据工程师和数据科学家的区别,difference between data scientist and data engineer,different between data scientist and data engineer,data scientist vs data engineer,data scientists vs data engineers,data science vs data engineering
faq,R vs Python,python好还是R好,R好还是python好,R比python好么,python比R好么,R versus Python,R or Python,R and Python,Python vs R,Python versus R,Python or R,Python and R
faq,bad english,english is not very good,english is not good,english not good,english so so
faq,能拿到学位么,学院,大学学分,额外学分
faq,你的课程免费么,钱,免费,成本,价格,多少钱
faq,answer to life,answer to universe,the answer to life the universe and everything,"the answer to life, the universe and everything"
faq,do I get an IBM certification,ibm certificate,ibm certification,ibm certificates,certified by ibm
